idx,project,notebook_geometry,actual_geometry,diff_geometry,notebook_appearance,actual_appearance,diff_appearance,notebook_densification,actual_densification,diff_densification,match_1e-7,run_id
1,12-Maisonneuve Market,1.319811990807112,1.3198119970798372,-6.272725228129161e-09,1.319811990807112,1.3198119970798372,-6.272725228129161e-09,0.7,0.7000000027571127,-2.757112760320979e-09,True,12_maisonneuve_market_phase2_run1_standardized_20260720_204953
2,4-Thomas-More-Church,1.1811559494565778,1.181155952824815,-3.3682372446719455e-09,1.4747448818080637,1.4747448768733287,4.9347350650208455e-09,0.7,0.7000000027571127,-2.757112760320979e-09,True,4_thomas_more_church_phase2_run1_standardized_20260720_211500
3,Brasov,1.8413084804082716,1.8413084812479656,-8.396940920363249e-10,1.1811559494565778,1.181155952824815,-3.3682372446719455e-09,0.7,0.7000000027571127,-2.757112760320979e-09,True,brasov_phase2_run1_standardized_20260720_214225
4,Changu,1.4747448818080637,1.4747448768733287,4.9347350650208455e-09,1.4747448818080637,1.4747448768733287,4.9347350650208455e-09,0.7,0.7000000027571127,-2.757112760320979e-09,True,changu_phase2_run1_standardized_20260720_223759
5,Chatteau_circle_60_and_45_degrees,2.568863553020199,2.568863543154017,9.866181649442751e-09,1.6478653638303955,1.6478653614491223,2.381273178642118e-09,0.7,0.7000000027571127,-2.757112760320979e-09,True,chatteau_circle_60_and_45_degrees_phase2_run1_standardized_20260720_231619
6,DJI_202402171501_006_KTM20-oblique,2.298985378316219,2.2989853881058138,-9.789594912490429e-09,1.0570667539423537,1.0570667549471469,-1.0047931375822827e-09,0.7,0.7000000027571127,-2.757112760320979e-09,True,dji_202402171501_006_ktm20_oblique_phase2_run1_standardized_20260720_234251
7,Kninice_Church_of_the_Exaltation_of_the_Holy_Cross,1.6478653638303955,1.6478653614491223,2.381273178642118e-09,1.6478653638303955,1.6478653614491223,2.381273178642118e-09,0.7,0.7000000027571127,-2.757112760320979e-09,True,kninice_church_of_the_exaltation_of_the_holy_cross_phase2_run1_standardized_20260721_002420
8,Pix4d_forensic,2.870422759656141,2.8704227540887186,5.567422523000687e-09,1.4747448818080637,1.4747448768733287,4.9347350650208455e-09,0.7,0.7000000027571127,-2.757112760320979e-09,True,pix4d_forensic_phase2_run1_standardized_20260721_004438
9,Telc_sv_Jakub_March_18,1.319811990807112,1.3198119970798372,-6.272725228129161e-09,1.4747448818080637,1.4747448768733287,4.9347350650208455e-09,0.7,0.7000000027571127,-2.757112760320979e-09,True,telc_sv_jakub_march_18_phase2_run1_standardized_20260721_011009
10,Tiburon_Angel_Islands_State_Park_Split_group_3,2.298985378316219,2.2989853881058138,-9.789594912490429e-09,1.1811559494565778,1.181155952824815,-3.3682372446719455e-09,0.7,0.7000000027571127,-2.757112760320979e-09,True,tiburon_angel_islands_state_park_split_group_3_phase2_run1_standardized_20260721_013903
11,morice,2.057459908097427,2.0574599129471225,-4.849695312003632e-09,1.4747448818080637,1.4747448768733287,4.9347350650208455e-09,0.7,0.7000000027571127,-2.757112760320979e-09,True,morice_phase2_run1_standardized_20260721_020848
12,uncovice,1.8413084804082716,1.8413084812479656,-8.396940920363249e-10,1.6478653638303955,1.6478653614491223,2.381273178642118e-09,0.7,0.7000000027571127,-2.757112760320979e-09,True,uncovice_phase2_run1_standardized_20260721_023928
